,ext_ratio,dT
0,53.26147,13.062856
1,22.042208,15.774575
2,68.887,13.901079
