,ext_ratio,dT
0,11.613641,5.468974
1,12.4862795,5.4119596
2,14.065513,6.745027
3,14.851114,6.217145
4,11.22534,6.253446
